CodeClient,NomPrenom,CodeAgence,Tel,Email
10101,MOUSSI Imed,605,(312) 377-7791,i_moussi@enst.dz
20202,SILAT Badis,113,(277) 728-2578,b_silat@enst.dz
30303,BESSATI Bouzid,101,(137) 982-5503,b_bessati@enst.dz
65140,Mia Meadows,620,(883) 488-8362,donec.vitae@ipsumCurabitur.co.uk
41325,Idona Savage,810,(411) 249-1562,non@augueporttitorinterdum.net
30650,Florence Hendricks,811,(534) 351-8129,pede@maurisrhoncus.net
20422,Shea Burnett;,954,(271) 839-5028,sem.egestas@consectetueripsumnunc.ca
93355,Lysandra Bentley,104,(911) 842-1709,velit.dui.semper@tellusimperdietnon.edu
26563,Vincent Allison,871,(758) 357-9587,urna.Vivamus@arcu.co.uk
63060,Penelope F. Leach,876,(490) 379-2045,adipiscing.lobortis.risus@suscipit.com
17552,Yen Perkins,901,(814) 454-5606,ut.quam@felisadipiscing.edu
27233,Xanthus Harrington,100,(572) 160-6642,Pellentesque@cursus.co.uk
15396,Ross Salas,112,(343) 844-1828,non.enim.Mauris@tinciduntDonec.ca
18858,Winifred Gentry,103,(781) 870-3006,In.faucibus.Morbi@velitQuisquevarius.org
13290,Petra L. Kirkland,615,(911) 616-1337,leo.in.lobortis@nislMaecenas.edu
80270,Kathleen W. Lynch,623,(478) 147-0139,turpis@sodalespurusin.co.uk
65021,Macon Wise,633,(659) 405-7620,congue.In.scelerisque@sitamet.org
71956,April Herrera,608,(450) 182-5235,arcu.iaculis.enim@velitAliquam.co.uk
83924,Carson K. Walls,621,(202) 401-9946,iaculis@ipsumnonarcu.co.uk
52041,Patricia V. Sims,621,(199) 875-8580,et.magnis.dis@mipedenonummy.org
42883,Scarlet Chang,599,(104) 370-3977,dolor@etrutrum.ca
91448,Cassandra Barker,607,(672) 182-1782,ut.dolor@id.edu
48553,Hedda James,602,(911) 872-9948,accumsan@metusvitae.org
30004,Alexa L. Kelly,102,(613) 995-9055,eget.venenatis.a@justo.org
89739,Whilemina H. Webster,743,(295) 916-3675,nisi@ProinmiAliquam.co.uk
38624,Aurora J. Bennett,581,(592) 396-7610,elit.erat@Nuncmauris.net
37699,Alexandra B. Walker,527,(165) 805-4334,ante@Sednuncest.edu
29611,Charles L. Nicholson,440,(353) 355-8911,faucibus.id.libero@sed.ca
47520,Alfreda O. Bates,440,(604) 230-2244,molestie.orci@risusodio.edu
55856,Rosalyn W. Boyd,620,(636) 812-8509,nec.metus@molestietellusAenean.ca